session_id,participant__id_in_session,participant__code,page_index,app_name,page_name,time_stamp,seconds_on_page,subsession_pk,auto_submitted
1,1,m7z32kvp,1,Lottery,Introduction,1490586080,8,1,False
1,1,m7z32kvp,2,Lottery,LotteryInstructions,1490586123,43,1,False
1,1,m7z32kvp,3,Lottery,ResultsWaitPage,1490586157,34,1,False
1,1,m7z32kvp,4,Lottery,LotteryQuestions,1490586265,108,1,False
1,1,m7z32kvp,5,Lottery,ResultsWaitPage,1490586265,0,1,False
1,2,yory9nr3,1,Lottery,Introduction,1490586142,15,1,False
1,2,yory9nr3,2,Lottery,LotteryInstructions,1490586147,5,1,False
1,2,yory9nr3,3,Lottery,ResultsWaitPage,1490586157,10,1,False
1,2,yory9nr3,4,Lottery,LotteryQuestions,1490586248,91,1,False
1,2,yory9nr3,5,Lottery,ResultsWaitPage,1490586266,18,1,False
1,3,08niwvrs,1,Lottery,Introduction,1490586139,9,1,False
1,3,08niwvrs,2,Lottery,LotteryInstructions,1490586153,14,1,False
1,3,08niwvrs,3,Lottery,ResultsWaitPage,1490586157,4,1,False
1,3,08niwvrs,4,Lottery,LotteryQuestions,1490586236,79,1,False
1,3,08niwvrs,5,Lottery,ResultsWaitPage,1490586265,29,1,False
1,4,nv1gb402,1,Lottery,Introduction,1490586137,4,1,False
1,4,nv1gb402,2,Lottery,LotteryInstructions,1490586156,19,1,False
1,4,nv1gb402,3,Lottery,ResultsWaitPage,1490586157,1,1,False
1,4,nv1gb402,4,Lottery,LotteryQuestions,1490586221,64,1,False
1,4,nv1gb402,5,Lottery,ResultsWaitPage,1490586265,44,1,False
3,1,a2ym54lw,1,Biosecurity,BioInstructions,1490592620,5,16,True
3,1,a2ym54lw,2,Biosecurity,WaitforInstructions,1490592620,0,16,False
3,1,a2ym54lw,9,Biosecurity,Chat,1490592710,90,16,True
3,1,a2ym54lw,10,Biosecurity,WaitforChat,1490592711,1,16,False
3,1,a2ym54lw,12,Biosecurity,WaitforEveryone,1490592712,1,16,False
3,1,a2ym54lw,14,Biosecurity,Round,1490592820,108,16,True
3,1,a2ym54lw,15,Biosecurity,ResultsWaitPage,1490592822,2,16,False
3,1,a2ym54lw,16,Biosecurity,Results,1490592900,78,16,True
3,1,a2ym54lw,17,Biosecurity,NoPledgeResultWaitPage,1490592900,0,16,False
3,1,a2ym54lw,29,Biosecurity,WaitforChat,1490592903,3,17,False
3,1,a2ym54lw,31,Biosecurity,WaitforEveryone,1490592903,0,17,False
3,1,a2ym54lw,33,Biosecurity,Round,1490593011,108,17,True
3,1,a2ym54lw,34,Biosecurity,ResultsWaitPage,1490593013,2,17,False
3,1,a2ym54lw,35,Biosecurity,Results,1490593091,78,17,True
3,1,a2ym54lw,36,Biosecurity,NoPledgeResultWaitPage,1490593091,0,17,False
3,1,a2ym54lw,48,Biosecurity,WaitforChat,1490593104,13,18,False
3,1,a2ym54lw,50,Biosecurity,WaitforEveryone,1490593104,0,18,False
3,1,a2ym54lw,52,Biosecurity,Round,1490593206,102,18,True
3,1,a2ym54lw,53,Biosecurity,ResultsWaitPage,1490593209,3,18,False
3,1,a2ym54lw,54,Biosecurity,Results,1490593286,77,18,True
3,1,a2ym54lw,55,Biosecurity,NoPledgeResultWaitPage,1490593286,0,18,False
3,1,a2ym54lw,67,Biosecurity,WaitforChat,1490593300,14,19,False
3,1,a2ym54lw,69,Biosecurity,WaitforEveryone,1490593300,0,19,False
3,1,a2ym54lw,71,Biosecurity,Round,1490593401,101,19,True
3,1,a2ym54lw,72,Biosecurity,ResultsWaitPage,1490593402,1,19,False
3,1,a2ym54lw,73,Biosecurity,Results,1490593483,81,19,True
3,1,a2ym54lw,74,Biosecurity,NoPledgeResultWaitPage,1490593484,1,19,False
3,1,a2ym54lw,86,Biosecurity,WaitforChat,1490593485,1,20,False
3,1,a2ym54lw,88,Biosecurity,WaitforEveryone,1490593495,10,20,False
3,1,a2ym54lw,90,Biosecurity,Round,1490593595,100,20,True
3,1,a2ym54lw,91,Biosecurity,ResultsWaitPage,1490593595,0,20,False
3,1,a2ym54lw,92,Biosecurity,Results,1490593672,77,20,True
3,1,a2ym54lw,93,Biosecurity,NoPledgeResultWaitPage,1490593672,0,20,False
3,1,a2ym54lw,104,Biosecurity,Chat,1490593773,101,21,True
3,1,a2ym54lw,105,Biosecurity,WaitforChat,1490593786,13,21,False
3,1,a2ym54lw,107,Biosecurity,WaitforEveryone,1490593786,0,21,False
3,1,a2ym54lw,109,Biosecurity,Round,1490593888,102,21,True
3,1,a2ym54lw,110,Biosecurity,ResultsWaitPage,1490593891,3,21,False
3,1,a2ym54lw,111,Biosecurity,Results,1490593969,78,21,True
3,1,a2ym54lw,112,Biosecurity,NoPledgeResultWaitPage,1490593969,0,21,False
3,1,a2ym54lw,124,Biosecurity,WaitforChat,1490593982,13,22,False
3,1,a2ym54lw,126,Biosecurity,WaitforEveryone,1490593982,0,22,False
3,1,a2ym54lw,128,Biosecurity,Round,1490594084,102,22,True
3,1,a2ym54lw,129,Biosecurity,ResultsWaitPage,1490594084,0,22,False
3,1,a2ym54lw,130,Biosecurity,Results,1490594165,81,22,True
3,1,a2ym54lw,131,Biosecurity,NoPledgeResultWaitPage,1490594167,2,22,False
3,1,a2ym54lw,143,Biosecurity,WaitforChat,1490594167,0,23,False
3,1,a2ym54lw,145,Biosecurity,WaitforEveryone,1490594177,10,23,False
3,1,a2ym54lw,147,Biosecurity,Round,1490594277,100,23,True
3,1,a2ym54lw,148,Biosecurity,ResultsWaitPage,1490594277,0,23,False
3,1,a2ym54lw,149,Biosecurity,Results,1490594355,78,23,True
3,1,a2ym54lw,150,Biosecurity,NoPledgeResultWaitPage,1490594357,2,23,False
3,1,a2ym54lw,162,Biosecurity,WaitforChat,1490594358,1,24,False
3,1,a2ym54lw,164,Biosecurity,WaitforEveryone,1490594368,10,24,False
3,1,a2ym54lw,166,Biosecurity,Round,1490594468,100,24,True
3,1,a2ym54lw,167,Biosecurity,ResultsWaitPage,1490594468,0,24,False
3,1,a2ym54lw,168,Biosecurity,Results,1490594542,74,24,True
3,1,a2ym54lw,169,Biosecurity,NoPledgeResultWaitPage,1490594554,12,24,False
3,1,a2ym54lw,181,Biosecurity,WaitforChat,1490594554,0,25,False
3,1,a2ym54lw,183,Biosecurity,WaitforEveryone,1490594554,0,25,False
3,1,a2ym54lw,185,Biosecurity,Round,1490594656,102,25,True
3,1,a2ym54lw,186,Biosecurity,ResultsWaitPage,1490594668,12,25,False
3,1,a2ym54lw,187,Biosecurity,Results,1490594739,71,25,True
3,1,a2ym54lw,188,Biosecurity,NoPledgeResultWaitPage,1490594739,0,25,False
3,1,a2ym54lw,199,Biosecurity,Chat,1490594842,103,26,True
3,1,a2ym54lw,200,Biosecurity,WaitforChat,1490594854,12,26,False
3,1,a2ym54lw,202,Biosecurity,WaitforEveryone,1490594855,1,26,False
3,1,a2ym54lw,204,Biosecurity,Round,1490594956,101,26,True
3,1,a2ym54lw,205,Biosecurity,ResultsWaitPage,1490594970,14,26,False
3,1,a2ym54lw,206,Biosecurity,Results,1490595040,70,26,True
3,1,a2ym54lw,207,Biosecurity,NoPledgeResultWaitPage,1490595040,0,26,False
3,1,a2ym54lw,219,Biosecurity,WaitforChat,1490595055,15,27,False
3,1,a2ym54lw,221,Biosecurity,WaitforEveryone,1490595055,0,27,False
3,1,a2ym54lw,223,Biosecurity,Round,1490595158,103,27,True
3,1,a2ym54lw,224,Biosecurity,ResultsWaitPage,1490595159,1,27,False
3,1,a2ym54lw,225,Biosecurity,Results,1490595230,71,27,True
3,1,a2ym54lw,226,Biosecurity,NoPledgeResultWaitPage,1490595230,0,27,False
3,1,a2ym54lw,238,Biosecurity,WaitforChat,1490595241,11,28,False
3,1,a2ym54lw,240,Biosecurity,WaitforEveryone,1490595241,0,28,False
3,1,a2ym54lw,242,Biosecurity,Round,1490595343,102,28,True
3,1,a2ym54lw,243,Biosecurity,ResultsWaitPage,1490595343,0,28,False
3,1,a2ym54lw,244,Biosecurity,Results,1490595415,72,28,True
3,1,a2ym54lw,245,Biosecurity,NoPledgeResultWaitPage,1490595426,11,28,False
3,1,a2ym54lw,257,Biosecurity,WaitforChat,1490595426,0,29,False
3,1,a2ym54lw,259,Biosecurity,WaitforEveryone,1490595437,11,29,False
3,1,a2ym54lw,261,Biosecurity,Round,1490595539,102,29,True
3,1,a2ym54lw,262,Biosecurity,ResultsWaitPage,1490595539,0,29,False
3,1,a2ym54lw,263,Biosecurity,Results,1490595612,73,29,True
3,1,a2ym54lw,264,Biosecurity,NoPledgeResultWaitPage,1490595612,0,29,False
3,1,a2ym54lw,276,Biosecurity,WaitforChat,1490595626,14,30,False
3,1,a2ym54lw,278,Biosecurity,WaitforEveryone,1490595626,0,30,False
3,1,a2ym54lw,280,Biosecurity,Round,1490595727,101,30,True
3,1,a2ym54lw,281,Biosecurity,ResultsWaitPage,1490595727,0,30,False
3,1,a2ym54lw,282,Biosecurity,Results,1490595800,73,30,True
3,1,a2ym54lw,283,Biosecurity,NoPledgeResultWaitPage,1490595812,12,30,False
3,2,lqrg4xak,1,Biosecurity,BioInstructions,1490592620,4,16,True
3,2,lqrg4xak,2,Biosecurity,WaitforInstructions,1490592620,0,16,False
3,2,lqrg4xak,9,Biosecurity,Chat,1490592710,90,16,True
3,2,lqrg4xak,10,Biosecurity,WaitforChat,1490592711,1,16,False
3,2,lqrg4xak,12,Biosecurity,WaitforEveryone,1490592711,0,16,False
3,2,lqrg4xak,14,Biosecurity,Round,1490592820,109,16,True
3,2,lqrg4xak,15,Biosecurity,ResultsWaitPage,1490592821,1,16,False
3,2,lqrg4xak,16,Biosecurity,Results,1490592900,79,16,True
3,2,lqrg4xak,17,Biosecurity,NoPledgeResultWaitPage,1490592903,3,16,False
3,2,lqrg4xak,29,Biosecurity,WaitforChat,1490592903,0,17,False
3,2,lqrg4xak,31,Biosecurity,WaitforEveryone,1490592913,10,17,False
3,2,lqrg4xak,33,Biosecurity,Round,1490593013,100,17,True
3,2,lqrg4xak,34,Biosecurity,ResultsWaitPage,1490593013,0,17,False
3,2,lqrg4xak,35,Biosecurity,Results,1490593091,78,17,True
3,2,lqrg4xak,36,Biosecurity,NoPledgeResultWaitPage,1490593094,3,17,False
3,2,lqrg4xak,48,Biosecurity,WaitforChat,1490593094,0,18,False
3,2,lqrg4xak,50,Biosecurity,WaitforEveryone,1490593104,10,18,False
3,2,lqrg4xak,52,Biosecurity,Round,1490593206,102,18,True
3,2,lqrg4xak,53,Biosecurity,ResultsWaitPage,1490593207,1,18,False
3,2,lqrg4xak,54,Biosecurity,Results,1490593286,79,18,True
3,2,lqrg4xak,55,Biosecurity,NoPledgeResultWaitPage,1490593289,3,18,False
3,2,lqrg4xak,67,Biosecurity,WaitforChat,1490593289,0,19,False
3,2,lqrg4xak,69,Biosecurity,WaitforEveryone,1490593300,11,19,False
3,2,lqrg4xak,71,Biosecurity,Round,1490593401,101,19,True
3,2,lqrg4xak,72,Biosecurity,ResultsWaitPage,1490593402,1,19,False
3,2,lqrg4xak,73,Biosecurity,Results,1490593483,81,19,True
3,2,lqrg4xak,74,Biosecurity,NoPledgeResultWaitPage,1490593483,0,19,False
3,2,lqrg4xak,86,Biosecurity,WaitforChat,1490593485,2,20,False
3,2,lqrg4xak,88,Biosecurity,WaitforEveryone,1490593485,0,20,False
3,2,lqrg4xak,90,Biosecurity,Round,1490593587,102,20,True
3,2,lqrg4xak,91,Biosecurity,ResultsWaitPage,1490593595,8,20,False
3,2,lqrg4xak,92,Biosecurity,Results,1490593672,77,20,True
3,2,lqrg4xak,93,Biosecurity,NoPledgeResultWaitPage,1490593675,3,20,False
3,2,lqrg4xak,104,Biosecurity,Chat,1490593776,101,21,True
3,2,lqrg4xak,105,Biosecurity,WaitforChat,1490593776,0,21,False
3,2,lqrg4xak,107,Biosecurity,WaitforEveryone,1490593787,11,21,False
3,2,lqrg4xak,109,Biosecurity,Round,1490593888,101,21,True
3,2,lqrg4xak,110,Biosecurity,ResultsWaitPage,1490593888,0,21,False
3,2,lqrg4xak,111,Biosecurity,Results,1490593968,80,21,True
3,2,lqrg4xak,112,Biosecurity,NoPledgeResultWaitPage,1490593971,3,21,False
3,2,lqrg4xak,124,Biosecurity,WaitforChat,1490593971,0,22,False
3,2,lqrg4xak,126,Biosecurity,WaitforEveryone,1490593982,11,22,False
3,2,lqrg4xak,128,Biosecurity,Round,1490594084,102,22,True
3,2,lqrg4xak,129,Biosecurity,ResultsWaitPage,1490594084,0,22,False
3,2,lqrg4xak,130,Biosecurity,Results,1490594165,81,22,True
3,2,lqrg4xak,131,Biosecurity,NoPledgeResultWaitPage,1490594165,0,22,False
3,2,lqrg4xak,143,Biosecurity,WaitforChat,1490594167,2,23,False
3,2,lqrg4xak,145,Biosecurity,WaitforEveryone,1490594167,0,23,False
3,2,lqrg4xak,147,Biosecurity,Round,1490594275,108,23,True
3,2,lqrg4xak,148,Biosecurity,ResultsWaitPage,1490594278,3,23,False
3,2,lqrg4xak,149,Biosecurity,Results,1490594355,77,23,True
3,2,lqrg4xak,150,Biosecurity,NoPledgeResultWaitPage,1490594355,0,23,False
3,2,lqrg4xak,162,Biosecurity,WaitforChat,1490594358,3,24,False
3,2,lqrg4xak,164,Biosecurity,WaitforEveryone,1490594358,0,24,False
3,2,lqrg4xak,166,Biosecurity,Round,1490594460,102,24,True
3,2,lqrg4xak,167,Biosecurity,ResultsWaitPage,1490594468,8,24,False
3,2,lqrg4xak,168,Biosecurity,Results,1490594542,74,24,True
3,2,lqrg4xak,169,Biosecurity,NoPledgeResultWaitPage,1490594542,0,24,False
3,2,lqrg4xak,181,Biosecurity,WaitforChat,1490594554,12,25,False
3,2,lqrg4xak,183,Biosecurity,WaitforEveryone,1490594554,0,25,False
3,2,lqrg4xak,185,Biosecurity,Round,1490594656,102,25,True
3,2,lqrg4xak,186,Biosecurity,ResultsWaitPage,1490594656,0,25,False
3,2,lqrg4xak,187,Biosecurity,Results,1490594735,79,25,True
3,2,lqrg4xak,188,Biosecurity,NoPledgeResultWaitPage,1490594739,4,25,False
3,2,lqrg4xak,199,Biosecurity,Chat,1490594842,103,26,True
3,2,lqrg4xak,200,Biosecurity,WaitforChat,1490594842,0,26,False
3,2,lqrg4xak,202,Biosecurity,WaitforEveryone,1490594855,13,26,False
3,2,lqrg4xak,204,Biosecurity,Round,1490594956,101,26,True
3,2,lqrg4xak,205,Biosecurity,ResultsWaitPage,1490594956,0,26,False
3,2,lqrg4xak,206,Biosecurity,Results,1490595028,72,26,True
3,2,lqrg4xak,207,Biosecurity,NoPledgeResultWaitPage,1490595040,12,26,False
3,2,lqrg4xak,219,Biosecurity,WaitforChat,1490595041,1,27,False
3,2,lqrg4xak,221,Biosecurity,WaitforEveryone,1490595055,14,27,False
3,2,lqrg4xak,223,Biosecurity,Round,1490595158,103,27,True
3,2,lqrg4xak,224,Biosecurity,ResultsWaitPage,1490595159,1,27,False
3,2,lqrg4xak,225,Biosecurity,Results,1490595230,71,27,True
3,2,lqrg4xak,226,Biosecurity,NoPledgeResultWaitPage,1490595241,11,27,False
3,2,lqrg4xak,238,Biosecurity,WaitforChat,1490595241,0,28,False
3,2,lqrg4xak,240,Biosecurity,WaitforEveryone,1490595241,0,28,False
3,2,lqrg4xak,242,Biosecurity,Round,1490595343,102,28,True
3,2,lqrg4xak,243,Biosecurity,ResultsWaitPage,1490595357,14,28,False
3,2,lqrg4xak,244,Biosecurity,Results,1490595426,69,28,True
3,2,lqrg4xak,245,Biosecurity,NoPledgeResultWaitPage,1490595426,0,28,False
3,2,lqrg4xak,257,Biosecurity,WaitforChat,1490595437,11,29,False
3,2,lqrg4xak,259,Biosecurity,WaitforEveryone,1490595437,0,29,False
3,2,lqrg4xak,261,Biosecurity,Round,1490595539,102,29,True
3,2,lqrg4xak,262,Biosecurity,ResultsWaitPage,1490595539,0,29,False
3,2,lqrg4xak,263,Biosecurity,Results,1490595612,73,29,True
3,2,lqrg4xak,264,Biosecurity,NoPledgeResultWaitPage,1490595622,10,29,False
3,2,lqrg4xak,276,Biosecurity,WaitforChat,1490595622,0,30,False
3,2,lqrg4xak,278,Biosecurity,WaitforEveryone,1490595626,4,30,False
3,2,lqrg4xak,280,Biosecurity,Round,1490595726,100,30,True
3,2,lqrg4xak,281,Biosecurity,ResultsWaitPage,1490595737,11,30,False
3,2,lqrg4xak,282,Biosecurity,Results,1490595807,70,30,True
3,2,lqrg4xak,283,Biosecurity,NoPledgeResultWaitPage,1490595807,0,30,False
4,1,b1cup22o,1,Lottery,Introduction,1490594943,894,7,True
4,1,b1cup22o,2,Lottery,LotteryInstructions,1490595089,146,7,False
4,1,b1cup22o,3,Lottery,ResultsWaitPage,1490595174,85,7,False
4,1,b1cup22o,4,Lottery,LotteryQuestions,1490595346,172,7,False
4,1,b1cup22o,5,Lottery,ResultsWaitPage,1490595414,68,7,False
4,1,b1cup22o,6,Lottery,Round,1490595597,183,7,False
4,1,b1cup22o,13,Lottery,Round,1490595720,123,8,False
4,1,b1cup22o,20,Lottery,Round,1490595794,74,9,False
4,1,b1cup22o,21,Lottery,EndGame,1490595794,0,9,False
4,1,b1cup22o,22,Biosecurity,BioInstructions,1490596275,481,31,False
4,1,b1cup22o,23,Biosecurity,WaitforInstructions,1490596298,23,31,False
4,1,b1cup22o,33,Biosecurity,WaitforEveryone,1490596299,1,31,False
4,1,b1cup22o,35,Biosecurity,Round,1490596330,31,31,False
4,1,b1cup22o,36,Biosecurity,ResultsWaitPage,1490596354,24,31,False
4,1,b1cup22o,37,Biosecurity,Results,1490596363,9,31,False
4,1,b1cup22o,38,Biosecurity,NoPledgeResultWaitPage,1490596366,3,31,False
4,1,b1cup22o,52,Biosecurity,WaitforEveryone,1490596366,0,32,False
4,1,b1cup22o,54,Biosecurity,Round,1490596378,12,32,False
4,1,b1cup22o,55,Biosecurity,ResultsWaitPage,1490596386,8,32,False
4,1,b1cup22o,56,Biosecurity,Results,1490596391,5,32,False
4,1,b1cup22o,57,Biosecurity,NoPledgeResultWaitPage,1490596394,3,32,False
4,1,b1cup22o,71,Biosecurity,WaitforEveryone,1490596394,0,33,False
4,1,b1cup22o,73,Biosecurity,Round,1490596406,12,33,False
4,1,b1cup22o,74,Biosecurity,ResultsWaitPage,1490596417,11,33,False
4,1,b1cup22o,75,Biosecurity,Results,1490596422,5,33,False
4,1,b1cup22o,76,Biosecurity,NoPledgeResultWaitPage,1490596422,0,33,False
4,1,b1cup22o,90,Biosecurity,WaitforEveryone,1490596422,0,34,False
4,1,b1cup22o,92,Biosecurity,Round,1490596437,15,34,False
4,1,b1cup22o,93,Biosecurity,ResultsWaitPage,1490596437,0,34,False
4,1,b1cup22o,94,Biosecurity,Results,1490596441,4,34,False
4,1,b1cup22o,95,Biosecurity,NoPledgeResultWaitPage,1490596448,7,34,False
4,1,b1cup22o,109,Biosecurity,WaitforEveryone,1490596448,0,35,False
4,1,b1cup22o,111,Biosecurity,Round,1490596461,13,35,False
4,1,b1cup22o,112,Biosecurity,ResultsWaitPage,1490596472,11,35,False
4,1,b1cup22o,113,Biosecurity,Results,1490596476,4,35,False
4,1,b1cup22o,114,Biosecurity,NoPledgeResultWaitPage,1490596483,7,35,False
4,1,b1cup22o,128,Biosecurity,WaitforEveryone,1490596484,1,36,False
4,1,b1cup22o,130,Biosecurity,Round,1490596490,6,36,False
4,1,b1cup22o,131,Biosecurity,ResultsWaitPage,1490596508,18,36,False
4,1,b1cup22o,132,Biosecurity,Results,1490596512,4,36,False
4,1,b1cup22o,133,Biosecurity,NoPledgeResultWaitPage,1490596514,2,36,False
4,1,b1cup22o,147,Biosecurity,WaitforEveryone,1490596514,0,37,False
4,1,b1cup22o,149,Biosecurity,Round,1490596520,6,37,False
4,1,b1cup22o,150,Biosecurity,ResultsWaitPage,1490596545,25,37,False
4,1,b1cup22o,151,Biosecurity,Results,1490596548,3,37,False
4,1,b1cup22o,152,Biosecurity,NoPledgeResultWaitPage,1490596557,9,37,False
4,1,b1cup22o,166,Biosecurity,WaitforEveryone,1490596557,0,38,False
4,1,b1cup22o,168,Biosecurity,Round,1490596566,9,38,False
4,1,b1cup22o,169,Biosecurity,ResultsWaitPage,1490596567,1,38,False
4,1,b1cup22o,170,Biosecurity,Results,1490596571,4,38,False
4,1,b1cup22o,171,Biosecurity,NoPledgeResultWaitPage,1490596573,2,38,False
4,1,b1cup22o,185,Biosecurity,WaitforEveryone,1490596574,1,39,False
4,1,b1cup22o,187,Biosecurity,Round,1490596580,6,39,False
4,1,b1cup22o,188,Biosecurity,ResultsWaitPage,1490596601,21,39,False
4,1,b1cup22o,189,Biosecurity,Results,1490596604,3,39,False
4,1,b1cup22o,190,Biosecurity,NoPledgeResultWaitPage,1490596607,3,39,False
4,1,b1cup22o,204,Biosecurity,WaitforEveryone,1490596607,0,40,False
4,1,b1cup22o,206,Biosecurity,Round,1490596614,7,40,False
4,1,b1cup22o,207,Biosecurity,ResultsWaitPage,1490596630,16,40,False
4,1,b1cup22o,208,Biosecurity,Results,1490596634,4,40,False
4,1,b1cup22o,209,Biosecurity,NoPledgeResultWaitPage,1490596635,1,40,False
4,1,b1cup22o,223,Biosecurity,WaitforEveryone,1490596635,0,41,False
4,1,b1cup22o,225,Biosecurity,Round,1490596649,14,41,False
4,1,b1cup22o,226,Biosecurity,ResultsWaitPage,1490596656,7,41,False
4,1,b1cup22o,227,Biosecurity,Results,1490596659,3,41,False
4,1,b1cup22o,228,Biosecurity,NoPledgeResultWaitPage,1490596662,3,41,False
4,1,b1cup22o,242,Biosecurity,WaitforEveryone,1490596662,0,42,False
4,1,b1cup22o,244,Biosecurity,Round,1490596672,10,42,False
4,1,b1cup22o,245,Biosecurity,ResultsWaitPage,1490596692,20,42,False
4,1,b1cup22o,246,Biosecurity,Results,1490596695,3,42,False
4,1,b1cup22o,247,Biosecurity,NoPledgeResultWaitPage,1490596696,1,42,False
4,1,b1cup22o,261,Biosecurity,WaitforEveryone,1490596696,0,43,False
4,1,b1cup22o,263,Biosecurity,Round,1490596710,14,43,False
4,1,b1cup22o,264,Biosecurity,ResultsWaitPage,1490596746,36,43,False
4,1,b1cup22o,265,Biosecurity,Results,1490596750,4,43,False
4,1,b1cup22o,266,Biosecurity,NoPledgeResultWaitPage,1490596756,6,43,False
4,1,b1cup22o,280,Biosecurity,WaitforEveryone,1490596757,1,44,False
4,1,b1cup22o,282,Biosecurity,Round,1490596764,7,44,False
4,1,b1cup22o,283,Biosecurity,ResultsWaitPage,1490596789,25,44,False
4,1,b1cup22o,284,Biosecurity,Results,1490596793,4,44,False
4,1,b1cup22o,285,Biosecurity,NoPledgeResultWaitPage,1490596793,0,44,False
4,1,b1cup22o,299,Biosecurity,WaitforEveryone,1490596794,1,45,False
4,1,b1cup22o,301,Biosecurity,Round,1490596800,6,45,False
4,1,b1cup22o,302,Biosecurity,ResultsWaitPage,1490596807,7,45,False
4,1,b1cup22o,303,Biosecurity,Results,1490596809,2,45,False
4,1,b1cup22o,304,Biosecurity,NoPledgeResultWaitPage,1490596813,4,45,False
4,1,b1cup22o,307,Results,Questioner,1490596903,90,2,False
4,2,ta70guc1,1,Lottery,Introduction,1490594943,748,7,True
4,2,ta70guc1,2,Lottery,LotteryInstructions,1490595174,231,7,False
4,2,ta70guc1,3,Lottery,ResultsWaitPage,1490595174,0,7,False
4,2,ta70guc1,4,Lottery,LotteryQuestions,1490595414,240,7,False
4,2,ta70guc1,5,Lottery,ResultsWaitPage,1490595414,0,7,False
4,2,ta70guc1,6,Lottery,Round,1490595517,103,7,False
4,2,ta70guc1,13,Lottery,Round,1490595572,55,8,False
4,2,ta70guc1,20,Lottery,Round,1490595639,67,9,False
4,2,ta70guc1,21,Lottery,EndGame,1490595794,155,9,False
4,2,ta70guc1,22,Biosecurity,BioInstructions,1490596297,503,31,False
4,2,ta70guc1,23,Biosecurity,WaitforInstructions,1490596299,2,31,False
4,2,ta70guc1,33,Biosecurity,WaitforEveryone,1490596299,0,31,False
4,2,ta70guc1,35,Biosecurity,Round,1490596324,25,31,False
4,2,ta70guc1,36,Biosecurity,ResultsWaitPage,1490596354,30,31,False
4,2,ta70guc1,37,Biosecurity,Results,1490596365,11,31,False
4,2,ta70guc1,38,Biosecurity,NoPledgeResultWaitPage,1490596366,1,31,False
4,2,ta70guc1,52,Biosecurity,WaitforEveryone,1490596366,0,32,False
4,2,ta70guc1,54,Biosecurity,Round,1490596380,14,32,False
4,2,ta70guc1,55,Biosecurity,ResultsWaitPage,1490596386,6,32,False
4,2,ta70guc1,56,Biosecurity,Results,1490596394,8,32,False
4,2,ta70guc1,57,Biosecurity,NoPledgeResultWaitPage,1490596394,0,32,False
4,2,ta70guc1,71,Biosecurity,WaitforEveryone,1490596394,0,33,False
4,2,ta70guc1,73,Biosecurity,Round,1490596413,19,33,False
4,2,ta70guc1,74,Biosecurity,ResultsWaitPage,1490596417,4,33,False
4,2,ta70guc1,75,Biosecurity,Results,1490596421,4,33,False
4,2,ta70guc1,76,Biosecurity,NoPledgeResultWaitPage,1490596422,1,33,False
4,2,ta70guc1,90,Biosecurity,WaitforEveryone,1490596422,0,34,False
4,2,ta70guc1,92,Biosecurity,Round,1490596435,13,34,False
4,2,ta70guc1,93,Biosecurity,ResultsWaitPage,1490596437,2,34,False
4,2,ta70guc1,94,Biosecurity,Results,1490596440,3,34,False
4,2,ta70guc1,95,Biosecurity,NoPledgeResultWaitPage,1490596447,7,34,False
4,2,ta70guc1,109,Biosecurity,WaitforEveryone,1490596448,1,35,False
4,2,ta70guc1,111,Biosecurity,Round,1490596471,23,35,False
4,2,ta70guc1,112,Biosecurity,ResultsWaitPage,1490596472,1,35,False
4,2,ta70guc1,113,Biosecurity,Results,1490596483,11,35,False
4,2,ta70guc1,114,Biosecurity,NoPledgeResultWaitPage,1490596483,0,35,False
4,2,ta70guc1,128,Biosecurity,WaitforEveryone,1490596484,1,36,False
4,2,ta70guc1,130,Biosecurity,Round,1490596499,15,36,False
4,2,ta70guc1,131,Biosecurity,ResultsWaitPage,1490596508,9,36,False
4,2,ta70guc1,132,Biosecurity,Results,1490596513,5,36,False
4,2,ta70guc1,133,Biosecurity,NoPledgeResultWaitPage,1490596514,1,36,False
4,2,ta70guc1,147,Biosecurity,WaitforEveryone,1490596514,0,37,False
4,2,ta70guc1,149,Biosecurity,Round,1490596544,30,37,False
4,2,ta70guc1,150,Biosecurity,ResultsWaitPage,1490596545,1,37,False
4,2,ta70guc1,151,Biosecurity,Results,1490596551,6,37,False
4,2,ta70guc1,152,Biosecurity,NoPledgeResultWaitPage,1490596557,6,37,False
4,2,ta70guc1,166,Biosecurity,WaitforEveryone,1490596557,0,38,False
4,2,ta70guc1,168,Biosecurity,Round,1490596564,7,38,False
4,2,ta70guc1,169,Biosecurity,ResultsWaitPage,1490596566,2,38,False
4,2,ta70guc1,170,Biosecurity,Results,1490596573,7,38,False
4,2,ta70guc1,171,Biosecurity,NoPledgeResultWaitPage,1490596574,1,38,False
4,2,ta70guc1,185,Biosecurity,WaitforEveryone,1490596574,0,39,False
4,2,ta70guc1,187,Biosecurity,Round,1490596587,13,39,False
4,2,ta70guc1,188,Biosecurity,ResultsWaitPage,1490596601,14,39,False
4,2,ta70guc1,189,Biosecurity,Results,1490596606,5,39,False
4,2,ta70guc1,190,Biosecurity,NoPledgeResultWaitPage,1490596607,1,39,False
4,2,ta70guc1,204,Biosecurity,WaitforEveryone,1490596607,0,40,False
4,2,ta70guc1,206,Biosecurity,Round,1490596622,15,40,False
4,2,ta70guc1,207,Biosecurity,ResultsWaitPage,1490596630,8,40,False
4,2,ta70guc1,208,Biosecurity,Results,1490596635,5,40,False
4,2,ta70guc1,209,Biosecurity,NoPledgeResultWaitPage,1490596635,0,40,False
4,2,ta70guc1,223,Biosecurity,WaitforEveryone,1490596635,0,41,False
4,2,ta70guc1,225,Biosecurity,Round,1490596656,21,41,False
4,2,ta70guc1,226,Biosecurity,ResultsWaitPage,1490596656,0,41,False
4,2,ta70guc1,227,Biosecurity,Results,1490596662,6,41,False
4,2,ta70guc1,228,Biosecurity,NoPledgeResultWaitPage,1490596662,0,41,False
4,2,ta70guc1,242,Biosecurity,WaitforEveryone,1490596662,0,42,False
4,2,ta70guc1,244,Biosecurity,Round,1490596683,21,42,False
4,2,ta70guc1,245,Biosecurity,ResultsWaitPage,1490596692,9,42,False
4,2,ta70guc1,246,Biosecurity,Results,1490596696,4,42,False
4,2,ta70guc1,247,Biosecurity,NoPledgeResultWaitPage,1490596696,0,42,False
4,2,ta70guc1,261,Biosecurity,WaitforEveryone,1490596697,1,43,False
4,2,ta70guc1,263,Biosecurity,Round,1490596706,9,43,False
4,2,ta70guc1,264,Biosecurity,ResultsWaitPage,1490596746,40,43,False
4,2,ta70guc1,265,Biosecurity,Results,1490596756,10,43,False
4,2,ta70guc1,266,Biosecurity,NoPledgeResultWaitPage,1490596756,0,43,False
4,2,ta70guc1,280,Biosecurity,WaitforEveryone,1490596757,1,44,False
4,2,ta70guc1,282,Biosecurity,Round,1490596782,25,44,False
4,2,ta70guc1,283,Biosecurity,ResultsWaitPage,1490596789,7,44,False
4,2,ta70guc1,284,Biosecurity,Results,1490596793,4,44,False
4,2,ta70guc1,285,Biosecurity,NoPledgeResultWaitPage,1490596793,0,44,False
4,2,ta70guc1,299,Biosecurity,WaitforEveryone,1490596793,0,45,False
4,2,ta70guc1,301,Biosecurity,Round,1490596806,13,45,False
4,2,ta70guc1,302,Biosecurity,ResultsWaitPage,1490596807,1,45,False
4,2,ta70guc1,303,Biosecurity,Results,1490596813,6,45,False
4,2,ta70guc1,304,Biosecurity,NoPledgeResultWaitPage,1490596813,0,45,False
4,2,ta70guc1,307,Results,Questioner,1490597017,204,2,False
4,3,2hbec6v6,1,Lottery,Introduction,1490594943,645,7,True
4,3,2hbec6v6,2,Lottery,LotteryInstructions,1490594998,55,7,False
4,3,2hbec6v6,3,Lottery,ResultsWaitPage,1490595174,176,7,False
4,3,2hbec6v6,4,Lottery,LotteryQuestions,1490595247,73,7,False
4,3,2hbec6v6,5,Lottery,ResultsWaitPage,1490595414,167,7,False
4,3,2hbec6v6,6,Lottery,Round,1490595454,40,7,False
4,3,2hbec6v6,13,Lottery,Round,1490595485,31,8,False
4,3,2hbec6v6,20,Lottery,Round,1490595525,40,9,False
4,3,2hbec6v6,21,Lottery,EndGame,1490595794,269,9,False
4,3,2hbec6v6,22,Biosecurity,BioInstructions,1490596274,480,31,False
4,3,2hbec6v6,23,Biosecurity,WaitforInstructions,1490596299,25,31,False
4,3,2hbec6v6,33,Biosecurity,WaitforEveryone,1490596299,0,31,False
4,3,2hbec6v6,35,Biosecurity,Round,1490596328,29,31,False
4,3,2hbec6v6,36,Biosecurity,ResultsWaitPage,1490596354,26,31,False
4,3,2hbec6v6,37,Biosecurity,Results,1490596365,11,31,False
4,3,2hbec6v6,38,Biosecurity,NoPledgeResultWaitPage,1490596366,1,31,False
4,3,2hbec6v6,52,Biosecurity,WaitforEveryone,1490596366,0,32,False
4,3,2hbec6v6,54,Biosecurity,Round,1490596386,20,32,False
4,3,2hbec6v6,55,Biosecurity,ResultsWaitPage,1490596386,0,32,False
4,3,2hbec6v6,56,Biosecurity,Results,1490596391,5,32,False
4,3,2hbec6v6,57,Biosecurity,NoPledgeResultWaitPage,1490596394,3,32,False
4,3,2hbec6v6,71,Biosecurity,WaitforEveryone,1490596394,0,33,False
4,3,2hbec6v6,73,Biosecurity,Round,1490596415,21,33,False
4,3,2hbec6v6,74,Biosecurity,ResultsWaitPage,1490596417,2,33,False
4,3,2hbec6v6,75,Biosecurity,Results,1490596422,5,33,False
4,3,2hbec6v6,76,Biosecurity,NoPledgeResultWaitPage,1490596422,0,33,False
4,3,2hbec6v6,90,Biosecurity,WaitforEveryone,1490596422,0,34,False
4,3,2hbec6v6,92,Biosecurity,Round,1490596437,15,34,False
4,3,2hbec6v6,93,Biosecurity,ResultsWaitPage,1490596437,0,34,False
4,3,2hbec6v6,94,Biosecurity,Results,1490596447,10,34,False
4,3,2hbec6v6,95,Biosecurity,NoPledgeResultWaitPage,1490596447,0,34,False
4,3,2hbec6v6,109,Biosecurity,WaitforEveryone,1490596448,1,35,False
4,3,2hbec6v6,111,Biosecurity,Round,1490596455,7,35,False
4,3,2hbec6v6,112,Biosecurity,ResultsWaitPage,1490596472,17,35,False
4,3,2hbec6v6,113,Biosecurity,Results,1490596477,5,35,False
4,3,2hbec6v6,114,Biosecurity,NoPledgeResultWaitPage,1490596483,6,35,False
4,3,2hbec6v6,128,Biosecurity,WaitforEveryone,1490596484,1,36,False
4,3,2hbec6v6,130,Biosecurity,Round,1490596507,23,36,False
4,3,2hbec6v6,131,Biosecurity,ResultsWaitPage,1490596508,1,36,False
4,3,2hbec6v6,132,Biosecurity,Results,1490596511,3,36,False
4,3,2hbec6v6,133,Biosecurity,NoPledgeResultWaitPage,1490596514,3,36,False
4,3,2hbec6v6,147,Biosecurity,WaitforEveryone,1490596514,0,37,False
4,3,2hbec6v6,149,Biosecurity,Round,1490596544,30,37,False
4,3,2hbec6v6,150,Biosecurity,ResultsWaitPage,1490596545,1,37,False
4,3,2hbec6v6,151,Biosecurity,Results,1490596549,4,37,False
4,3,2hbec6v6,152,Biosecurity,NoPledgeResultWaitPage,1490596557,8,37,False
4,3,2hbec6v6,166,Biosecurity,WaitforEveryone,1490596557,0,38,False
4,3,2hbec6v6,168,Biosecurity,Round,1490596566,9,38,False
4,3,2hbec6v6,169,Biosecurity,ResultsWaitPage,1490596566,0,38,False
4,3,2hbec6v6,170,Biosecurity,Results,1490596573,7,38,False
4,3,2hbec6v6,171,Biosecurity,NoPledgeResultWaitPage,1490596573,0,38,False
4,3,2hbec6v6,185,Biosecurity,WaitforEveryone,1490596574,1,39,False
4,3,2hbec6v6,187,Biosecurity,Round,1490596589,15,39,False
4,3,2hbec6v6,188,Biosecurity,ResultsWaitPage,1490596601,12,39,False
4,3,2hbec6v6,189,Biosecurity,Results,1490596606,5,39,False
4,3,2hbec6v6,190,Biosecurity,NoPledgeResultWaitPage,1490596607,1,39,False
4,3,2hbec6v6,204,Biosecurity,WaitforEveryone,1490596607,0,40,False
4,3,2hbec6v6,206,Biosecurity,Round,1490596630,23,40,False
4,3,2hbec6v6,207,Biosecurity,ResultsWaitPage,1490596630,0,40,False
4,3,2hbec6v6,208,Biosecurity,Results,1490596634,4,40,False
4,3,2hbec6v6,209,Biosecurity,NoPledgeResultWaitPage,1490596635,1,40,False
4,3,2hbec6v6,223,Biosecurity,WaitforEveryone,1490596635,0,41,False
4,3,2hbec6v6,225,Biosecurity,Round,1490596646,11,41,False
4,3,2hbec6v6,226,Biosecurity,ResultsWaitPage,1490596656,10,41,False
4,3,2hbec6v6,227,Biosecurity,Results,1490596660,4,41,False
4,3,2hbec6v6,228,Biosecurity,NoPledgeResultWaitPage,1490596662,2,41,False
4,3,2hbec6v6,242,Biosecurity,WaitforEveryone,1490596662,0,42,False
4,3,2hbec6v6,244,Biosecurity,Round,1490596672,10,42,False
4,3,2hbec6v6,245,Biosecurity,ResultsWaitPage,1490596692,20,42,False
4,3,2hbec6v6,246,Biosecurity,Results,1490596695,3,42,False
4,3,2hbec6v6,247,Biosecurity,NoPledgeResultWaitPage,1490596696,1,42,False
4,3,2hbec6v6,261,Biosecurity,WaitforEveryone,1490596696,0,43,False
4,3,2hbec6v6,263,Biosecurity,Round,1490596703,7,43,False
4,3,2hbec6v6,264,Biosecurity,ResultsWaitPage,1490596746,43,43,False
4,3,2hbec6v6,265,Biosecurity,Results,1490596751,5,43,False
4,3,2hbec6v6,266,Biosecurity,NoPledgeResultWaitPage,1490596756,5,43,False
4,3,2hbec6v6,280,Biosecurity,WaitforEveryone,1490596757,1,44,False
4,3,2hbec6v6,282,Biosecurity,Round,1490596770,13,44,False
4,3,2hbec6v6,283,Biosecurity,ResultsWaitPage,1490596789,19,44,False
4,3,2hbec6v6,284,Biosecurity,Results,1490596793,4,44,False
4,3,2hbec6v6,285,Biosecurity,NoPledgeResultWaitPage,1490596793,0,44,False
4,3,2hbec6v6,299,Biosecurity,WaitforEveryone,1490596793,0,45,False
4,3,2hbec6v6,301,Biosecurity,Round,1490596803,10,45,False
4,3,2hbec6v6,302,Biosecurity,ResultsWaitPage,1490596807,4,45,False
4,3,2hbec6v6,303,Biosecurity,Results,1490596811,4,45,False
4,3,2hbec6v6,304,Biosecurity,NoPledgeResultWaitPage,1490596813,2,45,False
4,3,2hbec6v6,307,Results,Questioner,1490596882,69,2,False
4,4,13emx8sy,1,Lottery,Introduction,1490594943,617,7,True
4,4,13emx8sy,2,Lottery,LotteryInstructions,1490595119,176,7,False
4,4,13emx8sy,3,Lottery,ResultsWaitPage,1490595174,55,7,False
4,4,13emx8sy,4,Lottery,LotteryQuestions,1490595401,227,7,False
4,4,13emx8sy,5,Lottery,ResultsWaitPage,1490595414,13,7,False
4,4,13emx8sy,6,Lottery,Round,1490595502,88,7,False
4,4,13emx8sy,13,Lottery,Round,1490595546,44,8,False
4,4,13emx8sy,20,Lottery,Round,1490595627,81,9,False
4,4,13emx8sy,21,Lottery,EndGame,1490595794,167,9,False
4,4,13emx8sy,22,Biosecurity,BioInstructions,1490596298,504,31,False
4,4,13emx8sy,23,Biosecurity,WaitforInstructions,1490596298,0,31,False
4,4,13emx8sy,33,Biosecurity,WaitforEveryone,1490596299,1,31,False
4,4,13emx8sy,35,Biosecurity,Round,1490596353,54,31,False
4,4,13emx8sy,36,Biosecurity,ResultsWaitPage,1490596354,1,31,False
4,4,13emx8sy,37,Biosecurity,Results,1490596362,8,31,False
4,4,13emx8sy,38,Biosecurity,NoPledgeResultWaitPage,1490596366,4,31,False
4,4,13emx8sy,52,Biosecurity,WaitforEveryone,1490596366,0,32,False
4,4,13emx8sy,54,Biosecurity,Round,1490596375,9,32,False
4,4,13emx8sy,55,Biosecurity,ResultsWaitPage,1490596386,11,32,False
4,4,13emx8sy,56,Biosecurity,Results,1490596390,4,32,False
4,4,13emx8sy,57,Biosecurity,NoPledgeResultWaitPage,1490596394,4,32,False
4,4,13emx8sy,71,Biosecurity,WaitforEveryone,1490596394,0,33,False
4,4,13emx8sy,73,Biosecurity,Round,1490596417,23,33,False
4,4,13emx8sy,74,Biosecurity,ResultsWaitPage,1490596417,0,33,False
4,4,13emx8sy,75,Biosecurity,Results,1490596420,3,33,False
4,4,13emx8sy,76,Biosecurity,NoPledgeResultWaitPage,1490596422,2,33,False
4,4,13emx8sy,90,Biosecurity,WaitforEveryone,1490596422,0,34,False
4,4,13emx8sy,92,Biosecurity,Round,1490596430,8,34,False
4,4,13emx8sy,93,Biosecurity,ResultsWaitPage,1490596437,7,34,False
4,4,13emx8sy,94,Biosecurity,Results,1490596440,3,34,False
4,4,13emx8sy,95,Biosecurity,NoPledgeResultWaitPage,1490596448,8,34,False
4,4,13emx8sy,109,Biosecurity,WaitforEveryone,1490596448,0,35,False
4,4,13emx8sy,111,Biosecurity,Round,1490596458,10,35,False
4,4,13emx8sy,112,Biosecurity,ResultsWaitPage,1490596472,14,35,False
4,4,13emx8sy,113,Biosecurity,Results,1490596475,3,35,False
4,4,13emx8sy,114,Biosecurity,NoPledgeResultWaitPage,1490596484,9,35,False
4,4,13emx8sy,128,Biosecurity,WaitforEveryone,1490596484,0,36,False
4,4,13emx8sy,130,Biosecurity,Round,1490596493,9,36,False
4,4,13emx8sy,131,Biosecurity,ResultsWaitPage,1490596508,15,36,False
4,4,13emx8sy,132,Biosecurity,Results,1490596511,3,36,False
4,4,13emx8sy,133,Biosecurity,NoPledgeResultWaitPage,1490596514,3,36,False
4,4,13emx8sy,147,Biosecurity,WaitforEveryone,1490596514,0,37,False
4,4,13emx8sy,149,Biosecurity,Round,1490596520,6,37,False
4,4,13emx8sy,150,Biosecurity,ResultsWaitPage,1490596545,25,37,False
4,4,13emx8sy,151,Biosecurity,Results,1490596556,11,37,False
4,4,13emx8sy,152,Biosecurity,NoPledgeResultWaitPage,1490596557,1,37,False
4,4,13emx8sy,166,Biosecurity,WaitforEveryone,1490596557,0,38,False
4,4,13emx8sy,168,Biosecurity,Round,1490596566,9,38,False
4,4,13emx8sy,169,Biosecurity,ResultsWaitPage,1490596566,0,38,False
4,4,13emx8sy,170,Biosecurity,Results,1490596570,4,38,False
4,4,13emx8sy,171,Biosecurity,NoPledgeResultWaitPage,1490596573,3,38,False
4,4,13emx8sy,185,Biosecurity,WaitforEveryone,1490596574,1,39,False
4,4,13emx8sy,187,Biosecurity,Round,1490596601,27,39,False
4,4,13emx8sy,188,Biosecurity,ResultsWaitPage,1490596601,0,39,False
4,4,13emx8sy,189,Biosecurity,Results,1490596604,3,39,False
4,4,13emx8sy,190,Biosecurity,NoPledgeResultWaitPage,1490596607,3,39,False
4,4,13emx8sy,204,Biosecurity,WaitforEveryone,1490596607,0,40,False
4,4,13emx8sy,206,Biosecurity,Round,1490596629,22,40,False
4,4,13emx8sy,207,Biosecurity,ResultsWaitPage,1490596630,1,40,False
4,4,13emx8sy,208,Biosecurity,Results,1490596633,3,40,False
4,4,13emx8sy,209,Biosecurity,NoPledgeResultWaitPage,1490596635,2,40,False
4,4,13emx8sy,223,Biosecurity,WaitforEveryone,1490596635,0,41,False
4,4,13emx8sy,225,Biosecurity,Round,1490596650,15,41,False
4,4,13emx8sy,226,Biosecurity,ResultsWaitPage,1490596656,6,41,False
4,4,13emx8sy,227,Biosecurity,Results,1490596659,3,41,False
4,4,13emx8sy,228,Biosecurity,NoPledgeResultWaitPage,1490596662,3,41,False
4,4,13emx8sy,242,Biosecurity,WaitforEveryone,1490596662,0,42,False
4,4,13emx8sy,244,Biosecurity,Round,1490596692,30,42,False
4,4,13emx8sy,245,Biosecurity,ResultsWaitPage,1490596692,0,42,False
4,4,13emx8sy,246,Biosecurity,Results,1490596694,2,42,False
4,4,13emx8sy,247,Biosecurity,NoPledgeResultWaitPage,1490596696,2,42,False
4,4,13emx8sy,261,Biosecurity,WaitforEveryone,1490596696,0,43,False
4,4,13emx8sy,263,Biosecurity,Round,1490596746,50,43,False
4,4,13emx8sy,264,Biosecurity,ResultsWaitPage,1490596746,0,43,False
4,4,13emx8sy,265,Biosecurity,Results,1490596748,2,43,False
4,4,13emx8sy,266,Biosecurity,NoPledgeResultWaitPage,1490596756,8,43,False
4,4,13emx8sy,280,Biosecurity,WaitforEveryone,1490596757,1,44,False
4,4,13emx8sy,282,Biosecurity,Round,1490596789,32,44,False
4,4,13emx8sy,283,Biosecurity,ResultsWaitPage,1490596789,0,44,False
4,4,13emx8sy,284,Biosecurity,Results,1490596791,2,44,False
4,4,13emx8sy,285,Biosecurity,NoPledgeResultWaitPage,1490596793,2,44,False
4,4,13emx8sy,299,Biosecurity,WaitforEveryone,1490596793,0,45,False
4,4,13emx8sy,301,Biosecurity,Round,1490596800,7,45,False
4,4,13emx8sy,302,Biosecurity,ResultsWaitPage,1490596807,7,45,False
4,4,13emx8sy,303,Biosecurity,Results,1490596809,2,45,False
4,4,13emx8sy,304,Biosecurity,NoPledgeResultWaitPage,1490596813,4,45,False
4,4,13emx8sy,307,Results,Questioner,1490596938,125,2,False
5,1,1xt7xrfk,1,Lottery,Introduction,1490593364,2,10,False
